Latitude,Length,Polygon,Plot,Variety,Year,Phenological stage,Date
42º 19' 28.86'' N,1º 58' 29.37'' W,35,111,Tempranillo,2018,A,15/02/2018
42º 19' 28.86'' N,1º 58' 29.37'' W,35,111,Tempranillo,2018,B,22/03/2018
42º 19' 28.86'' N,1º 58' 29.37'' W,35,111,Tempranillo,2018,C,29/03/2018
42º 19' 28.86'' N,1º 58' 29.37'' W,35,111,Tempranillo,2018,D,07/04/2018
42º 19' 28.86'' N,1º 58' 29.37'' W,35,111,Tempranillo,2018,E,08/04/2018
42º 19' 28.86'' N,1º 58' 29.37'' W,35,111,Tempranillo,2018,F,11/04/2018
42º 19' 28.86'' N,1º 58' 29.37'' W,35,111,Tempranillo,2018,G,29/04/2018
42º 19' 28.86'' N,1º 58' 29.37'' W,35,111,Tempranillo,2018,H,02/05/2018
42º 19' 28.86'' N,1º 58' 29.37'' W,35,111,Tempranillo,2018,I,01/06/2018
42º 19' 28.86'' N,1º 58' 29.37'' W,35,111,Tempranillo,2018,J,07/06/2018
42º 19' 28.86'' N,1º 58' 29.37'' W,35,111,Tempranillo,2018,K,30/06/2018
42º 19' 28.86'' N,1º 58' 29.37'' W,35,111,Tempranillo,2018,L,14/07/2018
42º 19' 28.86'' N,1º 58' 29.37'' W,35,111,Tempranillo,2018,M,06/08/2018
42º 19' 28.86'' N,1º 58' 29.37'' W,35,111,Tempranillo,2018,N,18/09/2018
42º 19' 28.86'' N,1º 58' 29.37'' W,35,111,Tempranillo,2018,O,12/11/2018
42º 19' 34.62'' N,1º 58' 26.07'' W,35,119,Tempranillo,2018,A,17/02/2018
42º 19' 34.62'' N,1º 58' 26.07'' W,35,119,Tempranillo,2018,B,21/03/2018
42º 19' 34.62'' N,1º 58' 26.07'' W,35,119,Tempranillo,2018,C,30/03/2018
42º 19' 34.62'' N,1º 58' 26.07'' W,35,119,Tempranillo,2018,D,04/04/2018
42º 19' 34.62'' N,1º 58' 26.07'' W,35,119,Tempranillo,2018,E,11/04/2018
42º 19' 34.62'' N,1º 58' 26.07'' W,35,119,Tempranillo,2018,F,10/04/2018
42º 19' 34.62'' N,1º 58' 26.07'' W,35,119,Tempranillo,2018,G,29/04/2018
42º 19' 34.62'' N,1º 58' 26.07'' W,35,119,Tempranillo,2018,H,05/05/2018
42º 19' 34.62'' N,1º 58' 26.07'' W,35,119,Tempranillo,2018,I,03/06/2018
42º 19' 34.62'' N,1º 58' 26.07'' W,35,119,Tempranillo,2018,J,05/06/2018
42º 19' 34.62'' N,1º 58' 26.07'' W,35,119,Tempranillo,2018,K,30/06/2018
42º 19' 34.62'' N,1º 58' 26.07'' W,35,119,Tempranillo,2018,L,14/07/2018
42º 19' 34.62'' N,1º 58' 26.07'' W,35,119,Tempranillo,2018,M,05/08/2018
42º 19' 34.62'' N,1º 58' 26.07'' W,35,119,Tempranillo,2018,N,18/09/2018
42º 19' 34.62'' N,1º 58' 26.07'' W,35,119,Tempranillo,2018,O,11/11/2018
42º 19' 31.60'' N,1º 58' 29.81'' W,35,117,Tempranillo,2018,A,13/02/2018
42º 19' 31.60'' N,1º 58' 29.81'' W,35,117,Tempranillo,2018,B,24/03/2018
42º 19' 31.60'' N,1º 58' 29.81'' W,35,117,Tempranillo,2018,C,31/03/2018
42º 19' 31.60'' N,1º 58' 29.81'' W,35,117,Tempranillo,2018,D,07/04/2018
42º 19' 31.60'' N,1º 58' 29.81'' W,35,117,Tempranillo,2018,E,11/04/2018
42º 19' 31.60'' N,1º 58' 29.81'' W,35,117,Tempranillo,2018,F,12/04/2018
42º 19' 31.60'' N,1º 58' 29.81'' W,35,117,Tempranillo,2018,G,29/04/2018
42º 19' 31.60'' N,1º 58' 29.81'' W,35,117,Tempranillo,2018,H,02/05/2018
42º 19' 31.60'' N,1º 58' 29.81'' W,35,117,Tempranillo,2018,I,31/05/2018
42º 19' 31.60'' N,1º 58' 29.81'' W,35,117,Tempranillo,2018,J,08/06/2018
42º 19' 31.60'' N,1º 58' 29.81'' W,35,117,Tempranillo,2018,K,02/07/2018
42º 19' 31.60'' N,1º 58' 29.81'' W,35,117,Tempranillo,2018,L,15/07/2018
42º 19' 31.60'' N,1º 58' 29.81'' W,35,117,Tempranillo,2018,M,06/08/2018
42º 19' 31.60'' N,1º 58' 29.81'' W,35,117,Tempranillo,2018,N,18/09/2018
42º 19' 31.60'' N,1º 58' 29.81'' W,35,117,Tempranillo,2018,O,11/11/2018
42º 19' 35.97'' N,1º 58' 32.57'' W,35,93,Tempranillo,2018,A,15/02/2018
42º 19' 35.97'' N,1º 58' 32.57'' W,35,93,Tempranillo,2018,B,21/03/2018
42º 19' 35.97'' N,1º 58' 32.57'' W,35,93,Tempranillo,2018,C,30/03/2018
42º 19' 35.97'' N,1º 58' 32.57'' W,35,93,Tempranillo,2018,D,06/04/2018
42º 19' 35.97'' N,1º 58' 32.57'' W,35,93,Tempranillo,2018,E,08/04/2018
42º 19' 35.97'' N,1º 58' 32.57'' W,35,93,Tempranillo,2018,F,10/04/2018
42º 19' 35.97'' N,1º 58' 32.57'' W,35,93,Tempranillo,2018,G,26/04/2018
42º 19' 35.97'' N,1º 58' 32.57'' W,35,93,Tempranillo,2018,H,05/05/2018
42º 19' 35.97'' N,1º 58' 32.57'' W,35,93,Tempranillo,2018,I,31/05/2018
42º 19' 35.97'' N,1º 58' 32.57'' W,35,93,Tempranillo,2018,J,05/06/2018
42º 19' 35.97'' N,1º 58' 32.57'' W,35,93,Tempranillo,2018,K,01/07/2018
42º 19' 35.97'' N,1º 58' 32.57'' W,35,93,Tempranillo,2018,L,17/07/2018
42º 19' 35.97'' N,1º 58' 32.57'' W,35,93,Tempranillo,2018,M,05/08/2018
42º 19' 35.97'' N,1º 58' 32.57'' W,35,93,Tempranillo,2018,N,16/09/2018
42º 19' 35.97'' N,1º 58' 32.57'' W,35,93,Tempranillo,2018,O,10/11/2018
42º 19' 37.27'' N,1º 58' 31.21'' W,35,101,Tempranillo,2018,A,16/02/2018
42º 19' 37.27'' N,1º 58' 31.21'' W,35,101,Tempranillo,2018,B,24/03/2018
42º 19' 37.27'' N,1º 58' 31.21'' W,35,101,Tempranillo,2018,C,28/03/2018
42º 19' 37.27'' N,1º 58' 31.21'' W,35,101,Tempranillo,2018,D,05/04/2018
42º 19' 37.27'' N,1º 58' 31.21'' W,35,101,Tempranillo,2018,E,08/04/2018
42º 19' 37.27'' N,1º 58' 31.21'' W,35,101,Tempranillo,2018,F,12/04/2018
42º 19' 37.27'' N,1º 58' 31.21'' W,35,101,Tempranillo,2018,G,28/04/2018
42º 19' 37.27'' N,1º 58' 31.21'' W,35,101,Tempranillo,2018,H,04/05/2018
42º 19' 37.27'' N,1º 58' 31.21'' W,35,101,Tempranillo,2018,I,03/06/2018
42º 19' 37.27'' N,1º 58' 31.21'' W,35,101,Tempranillo,2018,J,05/06/2018
42º 19' 37.27'' N,1º 58' 31.21'' W,35,101,Tempranillo,2018,K,01/07/2018
42º 19' 37.27'' N,1º 58' 31.21'' W,35,101,Tempranillo,2018,L,15/07/2018
42º 19' 37.27'' N,1º 58' 31.21'' W,35,101,Tempranillo,2018,M,05/08/2018
42º 19' 37.27'' N,1º 58' 31.21'' W,35,101,Tempranillo,2018,N,16/09/2018
42º 19' 37.27'' N,1º 58' 31.21'' W,35,101,Tempranillo,2018,O,11/11/2018
42º 19' 33.77'' N,1º 58' 31.20'' W,35,106,Tempranillo,2018,A,16/02/2018
42º 19' 33.77'' N,1º 58' 31.20'' W,35,106,Tempranillo,2018,B,23/03/2018
42º 19' 33.77'' N,1º 58' 31.20'' W,35,106,Tempranillo,2018,C,30/03/2018
42º 19' 33.77'' N,1º 58' 31.20'' W,35,106,Tempranillo,2018,D,05/04/2018
42º 19' 33.77'' N,1º 58' 31.20'' W,35,106,Tempranillo,2018,E,08/04/2018
42º 19' 33.77'' N,1º 58' 31.20'' W,35,106,Tempranillo,2018,F,13/04/2018
42º 19' 33.77'' N,1º 58' 31.20'' W,35,106,Tempranillo,2018,G,27/04/2018
42º 19' 33.77'' N,1º 58' 31.20'' W,35,106,Tempranillo,2018,H,05/05/2018
42º 19' 33.77'' N,1º 58' 31.20'' W,35,106,Tempranillo,2018,I,31/05/2018
42º 19' 33.77'' N,1º 58' 31.20'' W,35,106,Tempranillo,2018,J,05/06/2018
42º 19' 33.77'' N,1º 58' 31.20'' W,35,106,Tempranillo,2018,K,03/07/2018
42º 19' 33.77'' N,1º 58' 31.20'' W,35,106,Tempranillo,2018,L,17/07/2018
42º 19' 33.77'' N,1º 58' 31.20'' W,35,106,Tempranillo,2018,M,05/08/2018
42º 19' 33.77'' N,1º 58' 31.20'' W,35,106,Tempranillo,2018,N,18/09/2018
42º 19' 33.77'' N,1º 58' 31.20'' W,35,106,Tempranillo,2018,O,13/11/2018
42º 19' 32.31'' N,1º 58' 26.78'' W,35,102,Tempranillo,2018,A,12/02/2018
42º 19' 32.31'' N,1º 58' 26.78'' W,35,102,Tempranillo,2018,B,22/03/2018
42º 19' 32.31'' N,1º 58' 26.78'' W,35,102,Tempranillo,2018,C,28/03/2018
42º 19' 32.31'' N,1º 58' 26.78'' W,35,102,Tempranillo,2018,D,04/04/2018
42º 19' 32.31'' N,1º 58' 26.78'' W,35,102,Tempranillo,2018,E,08/04/2018
42º 19' 32.31'' N,1º 58' 26.78'' W,35,102,Tempranillo,2018,F,10/04/2018
42º 19' 32.31'' N,1º 58' 26.78'' W,35,102,Tempranillo,2018,G,26/04/2018
42º 19' 32.31'' N,1º 58' 26.78'' W,35,102,Tempranillo,2018,H,03/05/2018
42º 19' 32.31'' N,1º 58' 26.78'' W,35,102,Tempranillo,2018,I,03/06/2018
42º 19' 32.31'' N,1º 58' 26.78'' W,35,102,Tempranillo,2018,J,08/06/2018
42º 19' 32.31'' N,1º 58' 26.78'' W,35,102,Tempranillo,2018,K,30/06/2018
42º 19' 32.31'' N,1º 58' 26.78'' W,35,102,Tempranillo,2018,L,17/07/2018
42º 19' 32.31'' N,1º 58' 26.78'' W,35,102,Tempranillo,2018,M,04/08/2018
42º 19' 32.31'' N,1º 58' 26.78'' W,35,102,Tempranillo,2018,N,17/09/2018
42º 19' 32.31'' N,1º 58' 26.78'' W,35,102,Tempranillo,2018,O,11/11/2018
42º 19' 39.01'' N,1º 58' 39.19'' W,35,110,Garnacha,2018,A,13/02/2018
42º 19' 39.01'' N,1º 58' 39.19'' W,35,110,Garnacha,2018,B,21/03/2018
42º 19' 39.01'' N,1º 58' 39.19'' W,35,110,Garnacha,2018,C,31/03/2018
42º 19' 39.01'' N,1º 58' 39.19'' W,35,110,Garnacha,2018,D,07/04/2018
42º 19' 39.01'' N,1º 58' 39.19'' W,35,110,Garnacha,2018,E,11/04/2018
42º 19' 39.01'' N,1º 58' 39.19'' W,35,110,Garnacha,2018,F,10/04/2018
42º 19' 39.01'' N,1º 58' 39.19'' W,35,110,Garnacha,2018,G,26/04/2018
42º 19' 39.01'' N,1º 58' 39.19'' W,35,110,Garnacha,2018,H,04/05/2018
42º 19' 39.01'' N,1º 58' 39.19'' W,35,110,Garnacha,2018,I,01/06/2018
42º 19' 39.01'' N,1º 58' 39.19'' W,35,110,Garnacha,2018,J,05/06/2018
42º 19' 39.01'' N,1º 58' 39.19'' W,35,110,Garnacha,2018,K,03/07/2018
42º 19' 39.01'' N,1º 58' 39.19'' W,35,110,Garnacha,2018,L,17/07/2018
42º 19' 39.01'' N,1º 58' 39.19'' W,35,110,Garnacha,2018,M,05/08/2018
42º 19' 39.01'' N,1º 58' 39.19'' W,35,110,Garnacha,2018,N,09/10/2018
42º 19' 39.01'' N,1º 58' 39.19'' W,35,110,Garnacha,2018,O,10/11/2018
42º 19' 29.65'' N,1º 58' 35.48'' W,35,81,Garnacha,2018,A,17/02/2018
42º 19' 29.65'' N,1º 58' 35.48'' W,35,81,Garnacha,2018,B,24/03/2018
42º 19' 29.65'' N,1º 58' 35.48'' W,35,81,Garnacha,2018,C,30/03/2018
42º 19' 29.65'' N,1º 58' 35.48'' W,35,81,Garnacha,2018,D,04/04/2018
42º 19' 29.65'' N,1º 58' 35.48'' W,35,81,Garnacha,2018,E,08/04/2018
42º 19' 29.65'' N,1º 58' 35.48'' W,35,81,Garnacha,2018,F,12/04/2018
42º 19' 29.65'' N,1º 58' 35.48'' W,35,81,Garnacha,2018,G,26/04/2018
42º 19' 29.65'' N,1º 58' 35.48'' W,35,81,Garnacha,2018,H,04/05/2018
42º 19' 29.65'' N,1º 58' 35.48'' W,35,81,Garnacha,2018,I,03/06/2018
42º 19' 29.65'' N,1º 58' 35.48'' W,35,81,Garnacha,2018,J,08/06/2018
42º 19' 29.65'' N,1º 58' 35.48'' W,35,81,Garnacha,2018,K,01/07/2018
42º 19' 29.65'' N,1º 58' 35.48'' W,35,81,Garnacha,2018,L,14/07/2018
42º 19' 29.65'' N,1º 58' 35.48'' W,35,81,Garnacha,2018,M,05/08/2018
42º 19' 29.65'' N,1º 58' 35.48'' W,35,81,Garnacha,2018,N,12/10/2018
42º 19' 29.65'' N,1º 58' 35.48'' W,35,81,Garnacha,2018,O,12/11/2018
42º 19' 34.42'' N,1º 58' 36.33'' W,35,223,Garnacha,2018,A,17/02/2018
42º 19' 34.42'' N,1º 58' 36.33'' W,35,223,Garnacha,2018,B,21/03/2018
42º 19' 34.42'' N,1º 58' 36.33'' W,35,223,Garnacha,2018,C,28/03/2018
42º 19' 34.42'' N,1º 58' 36.33'' W,35,223,Garnacha,2018,D,07/04/2018
42º 19' 34.42'' N,1º 58' 36.33'' W,35,223,Garnacha,2018,E,11/04/2018
42º 19' 34.42'' N,1º 58' 36.33'' W,35,223,Garnacha,2018,F,10/04/2018
42º 19' 34.42'' N,1º 58' 36.33'' W,35,223,Garnacha,2018,G,29/04/2018
42º 19' 34.42'' N,1º 58' 36.33'' W,35,223,Garnacha,2018,H,04/05/2018
42º 19' 34.42'' N,1º 58' 36.33'' W,35,223,Garnacha,2018,I,01/06/2018
42º 19' 34.42'' N,1º 58' 36.33'' W,35,223,Garnacha,2018,J,05/06/2018
42º 19' 34.42'' N,1º 58' 36.33'' W,35,223,Garnacha,2018,K,03/07/2018
42º 19' 34.42'' N,1º 58' 36.33'' W,35,223,Garnacha,2018,L,17/07/2018
42º 19' 34.42'' N,1º 58' 36.33'' W,35,223,Garnacha,2018,M,05/08/2018
42º 19' 34.42'' N,1º 58' 36.33'' W,35,223,Garnacha,2018,N,10/10/2018
42º 19' 34.42'' N,1º 58' 36.33'' W,35,223,Garnacha,2018,O,13/11/2018
42º 19' 31.00'' N,1º 58' 35.73'' W,35,109,Garnacha,2018,A,16/02/2018
42º 19' 31.00'' N,1º 58' 35.73'' W,35,109,Garnacha,2018,B,23/03/2018
42º 19' 31.00'' N,1º 58' 35.73'' W,35,109,Garnacha,2018,C,28/03/2018
42º 19' 31.00'' N,1º 58' 35.73'' W,35,109,Garnacha,2018,D,05/04/2018
42º 19' 31.00'' N,1º 58' 35.73'' W,35,109,Garnacha,2018,E,08/04/2018
42º 19' 31.00'' N,1º 58' 35.73'' W,35,109,Garnacha,2018,F,10/04/2018
42º 19' 31.00'' N,1º 58' 35.73'' W,35,109,Garnacha,2018,G,29/04/2018
42º 19' 31.00'' N,1º 58' 35.73'' W,35,109,Garnacha,2018,H,05/05/2018
42º 19' 31.00'' N,1º 58' 35.73'' W,35,109,Garnacha,2018,I,02/06/2018
42º 19' 31.00'' N,1º 58' 35.73'' W,35,109,Garnacha,2018,J,07/06/2018
42º 19' 31.00'' N,1º 58' 35.73'' W,35,109,Garnacha,2018,K,01/07/2018
42º 19' 31.00'' N,1º 58' 35.73'' W,35,109,Garnacha,2018,L,16/07/2018
42º 19' 31.00'' N,1º 58' 35.73'' W,35,109,Garnacha,2018,M,04/08/2018
42º 19' 31.00'' N,1º 58' 35.73'' W,35,109,Garnacha,2018,N,12/10/2018
42º 19' 31.00'' N,1º 58' 35.73'' W,35,109,Garnacha,2018,O,13/11/2018
42º 19' 28.86'' N,1º 58' 29.37'' W,35,111,Tempranillo,2019,A,20/02/2019
42º 19' 28.86'' N,1º 58' 29.37'' W,35,111,Tempranillo,2019,B,25/03/2019
42º 19' 28.86'' N,1º 58' 29.37'' W,35,111,Tempranillo,2019,C,02/04/2019
42º 19' 28.86'' N,1º 58' 29.37'' W,35,111,Tempranillo,2019,D,06/04/2019
42º 19' 28.86'' N,1º 58' 29.37'' W,35,111,Tempranillo,2019,E,13/04/2019
42º 19' 28.86'' N,1º 58' 29.37'' W,35,111,Tempranillo,2019,F,18/04/2019
42º 19' 28.86'' N,1º 58' 29.37'' W,35,111,Tempranillo,2019,G,28/04/2019
42º 19' 28.86'' N,1º 58' 29.37'' W,35,111,Tempranillo,2019,H,08/05/2019
42º 19' 28.86'' N,1º 58' 29.37'' W,35,111,Tempranillo,2019,I,03/06/2019
42º 19' 28.86'' N,1º 58' 29.37'' W,35,111,Tempranillo,2019,J,11/06/2019
42º 19' 28.86'' N,1º 58' 29.37'' W,35,111,Tempranillo,2019,K,03/07/2019
42º 19' 28.86'' N,1º 58' 29.37'' W,35,111,Tempranillo,2019,L,15/07/2019
42º 19' 28.86'' N,1º 58' 29.37'' W,35,111,Tempranillo,2019,M,04/08/2019
42º 19' 28.86'' N,1º 58' 29.37'' W,35,111,Tempranillo,2019,N,13/09/2019
42º 19' 28.86'' N,1º 58' 29.37'' W,35,111,Tempranillo,2019,O,19/11/2019
42º 19' 34.62'' N,1º 58' 26.07'' W,35,119,Tempranillo,2019,A,16/02/2019
42º 19' 34.62'' N,1º 58' 26.07'' W,35,119,Tempranillo,2019,B,25/03/2019
42º 19' 34.62'' N,1º 58' 26.07'' W,35,119,Tempranillo,2019,C,01/04/2019
42º 19' 34.62'' N,1º 58' 26.07'' W,35,119,Tempranillo,2019,D,06/04/2019
42º 19' 34.62'' N,1º 58' 26.07'' W,35,119,Tempranillo,2019,E,12/04/2019
42º 19' 34.62'' N,1º 58' 26.07'' W,35,119,Tempranillo,2019,F,16/04/2019
42º 19' 34.62'' N,1º 58' 26.07'' W,35,119,Tempranillo,2019,G,28/04/2019
42º 19' 34.62'' N,1º 58' 26.07'' W,35,119,Tempranillo,2019,H,09/05/2019
42º 19' 34.62'' N,1º 58' 26.07'' W,35,119,Tempranillo,2019,I,04/06/2019
42º 19' 34.62'' N,1º 58' 26.07'' W,35,119,Tempranillo,2019,J,09/06/2019
42º 19' 34.62'' N,1º 58' 26.07'' W,35,119,Tempranillo,2019,K,04/07/2019
42º 19' 34.62'' N,1º 58' 26.07'' W,35,119,Tempranillo,2019,L,17/07/2019
42º 19' 34.62'' N,1º 58' 26.07'' W,35,119,Tempranillo,2019,M,01/08/2019
42º 19' 34.62'' N,1º 58' 26.07'' W,35,119,Tempranillo,2019,N,14/09/2019
42º 19' 34.62'' N,1º 58' 26.07'' W,35,119,Tempranillo,2019,O,19/11/2019
42º 19' 31.60'' N,1º 58' 29.81'' W,35,117,Tempranillo,2019,A,20/02/2019
42º 19' 31.60'' N,1º 58' 29.81'' W,35,117,Tempranillo,2019,B,23/03/2019
42º 19' 31.60'' N,1º 58' 29.81'' W,35,117,Tempranillo,2019,C,02/04/2019
42º 19' 31.60'' N,1º 58' 29.81'' W,35,117,Tempranillo,2019,D,06/04/2019
42º 19' 31.60'' N,1º 58' 29.81'' W,35,117,Tempranillo,2019,E,13/04/2019
42º 19' 31.60'' N,1º 58' 29.81'' W,35,117,Tempranillo,2019,F,16/04/2019
42º 19' 31.60'' N,1º 58' 29.81'' W,35,117,Tempranillo,2019,G,29/04/2019
42º 19' 31.60'' N,1º 58' 29.81'' W,35,117,Tempranillo,2019,H,09/05/2019
42º 19' 31.60'' N,1º 58' 29.81'' W,35,117,Tempranillo,2019,I,05/06/2019
42º 19' 31.60'' N,1º 58' 29.81'' W,35,117,Tempranillo,2019,J,09/06/2019
42º 19' 31.60'' N,1º 58' 29.81'' W,35,117,Tempranillo,2019,K,04/07/2019
42º 19' 31.60'' N,1º 58' 29.81'' W,35,117,Tempranillo,2019,L,17/07/2019
42º 19' 31.60'' N,1º 58' 29.81'' W,35,117,Tempranillo,2019,M,01/08/2019
42º 19' 31.60'' N,1º 58' 29.81'' W,35,117,Tempranillo,2019,N,13/09/2019
42º 19' 31.60'' N,1º 58' 29.81'' W,35,117,Tempranillo,2019,O,18/11/2019
42º 19' 35.97'' N,1º 58' 32.57'' W,35,93,Tempranillo,2019,A,19/02/2019
42º 19' 35.97'' N,1º 58' 32.57'' W,35,93,Tempranillo,2019,B,26/03/2019
42º 19' 35.97'' N,1º 58' 32.57'' W,35,93,Tempranillo,2019,C,03/04/2019
42º 19' 35.97'' N,1º 58' 32.57'' W,35,93,Tempranillo,2019,D,07/04/2019
42º 19' 35.97'' N,1º 58' 32.57'' W,35,93,Tempranillo,2019,E,10/04/2019
42º 19' 35.97'' N,1º 58' 32.57'' W,35,93,Tempranillo,2019,F,18/04/2019
42º 19' 35.97'' N,1º 58' 32.57'' W,35,93,Tempranillo,2019,G,30/04/2019
42º 19' 35.97'' N,1º 58' 32.57'' W,35,93,Tempranillo,2019,H,07/05/2019
42º 19' 35.97'' N,1º 58' 32.57'' W,35,93,Tempranillo,2019,I,06/06/2019
42º 19' 35.97'' N,1º 58' 32.57'' W,35,93,Tempranillo,2019,J,10/06/2019
42º 19' 35.97'' N,1º 58' 32.57'' W,35,93,Tempranillo,2019,K,05/07/2019
42º 19' 35.97'' N,1º 58' 32.57'' W,35,93,Tempranillo,2019,L,15/07/2019
42º 19' 35.97'' N,1º 58' 32.57'' W,35,93,Tempranillo,2019,M,03/08/2019
42º 19' 35.97'' N,1º 58' 32.57'' W,35,93,Tempranillo,2019,N,14/09/2019
42º 19' 35.97'' N,1º 58' 32.57'' W,35,93,Tempranillo,2019,O,16/11/2019
42º 19' 37.27'' N,1º 58' 31.21'' W,35,101,Tempranillo,2019,A,14/02/2019
42º 19' 37.27'' N,1º 58' 31.21'' W,35,101,Tempranillo,2019,B,24/03/2019
42º 19' 37.27'' N,1º 58' 31.21'' W,35,101,Tempranillo,2019,C,02/04/2019
42º 19' 37.27'' N,1º 58' 31.21'' W,35,101,Tempranillo,2019,D,08/04/2019
42º 19' 37.27'' N,1º 58' 31.21'' W,35,101,Tempranillo,2019,E,11/04/2019
42º 19' 37.27'' N,1º 58' 31.21'' W,35,101,Tempranillo,2019,F,17/04/2019
42º 19' 37.27'' N,1º 58' 31.21'' W,35,101,Tempranillo,2019,G,30/04/2019
42º 19' 37.27'' N,1º 58' 31.21'' W,35,101,Tempranillo,2019,H,07/05/2019
42º 19' 37.27'' N,1º 58' 31.21'' W,35,101,Tempranillo,2019,I,06/06/2019
42º 19' 37.27'' N,1º 58' 31.21'' W,35,101,Tempranillo,2019,J,11/06/2019
42º 19' 37.27'' N,1º 58' 31.21'' W,35,101,Tempranillo,2019,K,02/07/2019
42º 19' 37.27'' N,1º 58' 31.21'' W,35,101,Tempranillo,2019,L,18/07/2019
42º 19' 37.27'' N,1º 58' 31.21'' W,35,101,Tempranillo,2019,M,02/08/2019
42º 19' 37.27'' N,1º 58' 31.21'' W,35,101,Tempranillo,2019,N,11/09/2019
42º 19' 37.27'' N,1º 58' 31.21'' W,35,101,Tempranillo,2019,O,18/11/2019
42º 19' 33.77'' N,1º 58' 31.20'' W,35,106,Tempranillo,2019,A,15/02/2019
42º 19' 33.77'' N,1º 58' 31.20'' W,35,106,Tempranillo,2019,B,24/03/2019
42º 19' 33.77'' N,1º 58' 31.20'' W,35,106,Tempranillo,2019,C,01/04/2019
42º 19' 33.77'' N,1º 58' 31.20'' W,35,106,Tempranillo,2019,D,06/04/2019
42º 19' 33.77'' N,1º 58' 31.20'' W,35,106,Tempranillo,2019,E,11/04/2019
42º 19' 33.77'' N,1º 58' 31.20'' W,35,106,Tempranillo,2019,F,18/04/2019
42º 19' 33.77'' N,1º 58' 31.20'' W,35,106,Tempranillo,2019,G,29/04/2019
42º 19' 33.77'' N,1º 58' 31.20'' W,35,106,Tempranillo,2019,H,10/05/2019
42º 19' 33.77'' N,1º 58' 31.20'' W,35,106,Tempranillo,2019,I,04/06/2019
42º 19' 33.77'' N,1º 58' 31.20'' W,35,106,Tempranillo,2019,J,10/06/2019
42º 19' 33.77'' N,1º 58' 31.20'' W,35,106,Tempranillo,2019,K,05/07/2019
42º 19' 33.77'' N,1º 58' 31.20'' W,35,106,Tempranillo,2019,L,16/07/2019
42º 19' 33.77'' N,1º 58' 31.20'' W,35,106,Tempranillo,2019,M,01/08/2019
42º 19' 33.77'' N,1º 58' 31.20'' W,35,106,Tempranillo,2019,N,13/09/2019
42º 19' 33.77'' N,1º 58' 31.20'' W,35,106,Tempranillo,2019,O,19/11/2019
42º 19' 32.31'' N,1º 58' 26.78'' W,35,102,Tempranillo,2019,A,13/02/2019
42º 19' 32.31'' N,1º 58' 26.78'' W,35,102,Tempranillo,2019,B,23/03/2019
42º 19' 32.31'' N,1º 58' 26.78'' W,35,102,Tempranillo,2019,C,03/04/2019
42º 19' 32.31'' N,1º 58' 26.78'' W,35,102,Tempranillo,2019,D,09/04/2019
42º 19' 32.31'' N,1º 58' 26.78'' W,35,102,Tempranillo,2019,E,11/04/2019
42º 19' 32.31'' N,1º 58' 26.78'' W,35,102,Tempranillo,2019,F,16/04/2019
42º 19' 32.31'' N,1º 58' 26.78'' W,35,102,Tempranillo,2019,G,28/04/2019
42º 19' 32.31'' N,1º 58' 26.78'' W,35,102,Tempranillo,2019,H,10/05/2019
42º 19' 32.31'' N,1º 58' 26.78'' W,35,102,Tempranillo,2019,I,05/06/2019
42º 19' 32.31'' N,1º 58' 26.78'' W,35,102,Tempranillo,2019,J,10/06/2019
42º 19' 32.31'' N,1º 58' 26.78'' W,35,102,Tempranillo,2019,K,02/07/2019
42º 19' 32.31'' N,1º 58' 26.78'' W,35,102,Tempranillo,2019,L,16/07/2019
42º 19' 32.31'' N,1º 58' 26.78'' W,35,102,Tempranillo,2019,M,04/08/2019
42º 19' 32.31'' N,1º 58' 26.78'' W,35,102,Tempranillo,2019,N,14/09/2019
42º 19' 32.31'' N,1º 58' 26.78'' W,35,102,Tempranillo,2019,O,18/11/2019
42º 19' 39.01'' N,1º 58' 39.19'' W,35,110,Garnacha,2019,A,18/02/2019
42º 19' 39.01'' N,1º 58' 39.19'' W,35,110,Garnacha,2019,B,23/03/2019
42º 19' 39.01'' N,1º 58' 39.19'' W,35,110,Garnacha,2019,C,01/04/2019
42º 19' 39.01'' N,1º 58' 39.19'' W,35,110,Garnacha,2019,D,09/04/2019
42º 19' 39.01'' N,1º 58' 39.19'' W,35,110,Garnacha,2019,E,12/04/2019
42º 19' 39.01'' N,1º 58' 39.19'' W,35,110,Garnacha,2019,F,18/04/2019
42º 19' 39.01'' N,1º 58' 39.19'' W,35,110,Garnacha,2019,G,27/04/2019
42º 19' 39.01'' N,1º 58' 39.19'' W,35,110,Garnacha,2019,H,10/05/2019
42º 19' 39.01'' N,1º 58' 39.19'' W,35,110,Garnacha,2019,I,05/06/2019
42º 19' 39.01'' N,1º 58' 39.19'' W,35,110,Garnacha,2019,J,11/06/2019
42º 19' 39.01'' N,1º 58' 39.19'' W,35,110,Garnacha,2019,K,05/07/2019
42º 19' 39.01'' N,1º 58' 39.19'' W,35,110,Garnacha,2019,L,18/07/2019
42º 19' 39.01'' N,1º 58' 39.19'' W,35,110,Garnacha,2019,M,02/08/2019
42º 19' 39.01'' N,1º 58' 39.19'' W,35,110,Garnacha,2019,N,04/10/2019
42º 19' 39.01'' N,1º 58' 39.19'' W,35,110,Garnacha,2019,O,17/11/2019
42º 19' 29.65'' N,1º 58' 35.48'' W,35,81,Garnacha,2019,A,14/02/2019
42º 19' 29.65'' N,1º 58' 35.48'' W,35,81,Garnacha,2019,B,23/03/2019
42º 19' 29.65'' N,1º 58' 35.48'' W,35,81,Garnacha,2019,C,01/04/2019
42º 19' 29.65'' N,1º 58' 35.48'' W,35,81,Garnacha,2019,D,09/04/2019
42º 19' 29.65'' N,1º 58' 35.48'' W,35,81,Garnacha,2019,E,12/04/2019
42º 19' 29.65'' N,1º 58' 35.48'' W,35,81,Garnacha,2019,F,17/04/2019
42º 19' 29.65'' N,1º 58' 35.48'' W,35,81,Garnacha,2019,G,30/04/2019
42º 19' 29.65'' N,1º 58' 35.48'' W,35,81,Garnacha,2019,H,07/05/2019
42º 19' 29.65'' N,1º 58' 35.48'' W,35,81,Garnacha,2019,I,04/06/2019
42º 19' 29.65'' N,1º 58' 35.48'' W,35,81,Garnacha,2019,J,09/06/2019
42º 19' 29.65'' N,1º 58' 35.48'' W,35,81,Garnacha,2019,K,04/07/2019
42º 19' 29.65'' N,1º 58' 35.48'' W,35,81,Garnacha,2019,L,18/07/2019
42º 19' 29.65'' N,1º 58' 35.48'' W,35,81,Garnacha,2019,M,04/08/2019
42º 19' 29.65'' N,1º 58' 35.48'' W,35,81,Garnacha,2019,N,04/10/2019
42º 19' 29.65'' N,1º 58' 35.48'' W,35,81,Garnacha,2019,O,19/11/2019
42º 19' 34.42'' N,1º 58' 36.33'' W,35,223,Garnacha,2019,A,15/02/2019
42º 19' 34.42'' N,1º 58' 36.33'' W,35,223,Garnacha,2019,B,26/03/2019
42º 19' 34.42'' N,1º 58' 36.33'' W,35,223,Garnacha,2019,C,02/04/2019
42º 19' 34.42'' N,1º 58' 36.33'' W,35,223,Garnacha,2019,D,07/04/2019
42º 19' 34.42'' N,1º 58' 36.33'' W,35,223,Garnacha,2019,E,13/04/2019
42º 19' 34.42'' N,1º 58' 36.33'' W,35,223,Garnacha,2019,F,16/04/2019
42º 19' 34.42'' N,1º 58' 36.33'' W,35,223,Garnacha,2019,G,30/04/2019
42º 19' 34.42'' N,1º 58' 36.33'' W,35,223,Garnacha,2019,H,07/05/2019
42º 19' 34.42'' N,1º 58' 36.33'' W,35,223,Garnacha,2019,I,04/06/2019
42º 19' 34.42'' N,1º 58' 36.33'' W,35,223,Garnacha,2019,J,09/06/2019
42º 19' 34.42'' N,1º 58' 36.33'' W,35,223,Garnacha,2019,K,04/07/2019
42º 19' 34.42'' N,1º 58' 36.33'' W,35,223,Garnacha,2019,L,17/07/2019
42º 19' 34.42'' N,1º 58' 36.33'' W,35,223,Garnacha,2019,M,04/08/2019
42º 19' 34.42'' N,1º 58' 36.33'' W,35,223,Garnacha,2019,N,04/10/2019
42º 19' 34.42'' N,1º 58' 36.33'' W,35,223,Garnacha,2019,O,17/11/2019
42º 19' 31.00'' N,1º 58' 35.73'' W,35,109,Garnacha,2019,A,12/02/2019
42º 19' 31.00'' N,1º 58' 35.73'' W,35,109,Garnacha,2019,B,23/03/2019
42º 19' 31.00'' N,1º 58' 35.73'' W,35,109,Garnacha,2019,C,03/04/2019
42º 19' 31.00'' N,1º 58' 35.73'' W,35,109,Garnacha,2019,D,08/04/2019
42º 19' 31.00'' N,1º 58' 35.73'' W,35,109,Garnacha,2019,E,10/04/2019
42º 19' 31.00'' N,1º 58' 35.73'' W,35,109,Garnacha,2019,F,19/04/2019
42º 19' 31.00'' N,1º 58' 35.73'' W,35,109,Garnacha,2019,G,28/04/2019
42º 19' 31.00'' N,1º 58' 35.73'' W,35,109,Garnacha,2019,H,09/05/2019
42º 19' 31.00'' N,1º 58' 35.73'' W,35,109,Garnacha,2019,I,03/06/2019
42º 19' 31.00'' N,1º 58' 35.73'' W,35,109,Garnacha,2019,J,09/06/2019
42º 19' 31.00'' N,1º 58' 35.73'' W,35,109,Garnacha,2019,K,02/07/2019
42º 19' 31.00'' N,1º 58' 35.73'' W,35,109,Garnacha,2019,L,16/07/2019
42º 19' 31.00'' N,1º 58' 35.73'' W,35,109,Garnacha,2019,M,01/08/2019
42º 19' 31.00'' N,1º 58' 35.73'' W,35,109,Garnacha,2019,N,01/10/2019
42º 19' 31.00'' N,1º 58' 35.73'' W,35,109,Garnacha,2019,O,17/11/2019
42º 19' 28.86'' N,1º 58' 29.37'' W,35,111,Tempranillo,2020,A,15/02/2020
42º 19' 28.86'' N,1º 58' 29.37'' W,35,111,Tempranillo,2020,B,20/03/2020
42º 19' 28.86'' N,1º 58' 29.37'' W,35,111,Tempranillo,2020,C,24/03/2020
42º 19' 28.86'' N,1º 58' 29.37'' W,35,111,Tempranillo,2020,D,02/04/2020
42º 19' 28.86'' N,1º 58' 29.37'' W,35,111,Tempranillo,2020,E,08/04/2020
42º 19' 28.86'' N,1º 58' 29.37'' W,35,111,Tempranillo,2020,F,11/04/2020
42º 19' 28.86'' N,1º 58' 29.37'' W,35,111,Tempranillo,2020,G,22/04/2020
42º 19' 28.86'' N,1º 58' 29.37'' W,35,111,Tempranillo,2020,H,03/05/2020
42º 19' 28.86'' N,1º 58' 29.37'' W,35,111,Tempranillo,2020,I,24/05/2020
42º 19' 28.86'' N,1º 58' 29.37'' W,35,111,Tempranillo,2020,J,01/06/2020
42º 19' 28.86'' N,1º 58' 29.37'' W,35,111,Tempranillo,2020,K,24/06/2020
42º 19' 28.86'' N,1º 58' 29.37'' W,35,111,Tempranillo,2020,L,06/07/2020
42º 19' 28.86'' N,1º 58' 29.37'' W,35,111,Tempranillo,2020,M,02/08/2020
42º 19' 28.86'' N,1º 58' 29.37'' W,35,111,Tempranillo,2020,N,08/09/2020
42º 19' 28.86'' N,1º 58' 29.37'' W,35,111,Tempranillo,2020,O,06/11/2020
42º 19' 34.62'' N,1º 58' 26.07'' W,35,119,Tempranillo,2020,A,20/02/2020
42º 19' 34.62'' N,1º 58' 26.07'' W,35,119,Tempranillo,2020,B,19/03/2020
42º 19' 34.62'' N,1º 58' 26.07'' W,35,119,Tempranillo,2020,C,26/03/2020
42º 19' 34.62'' N,1º 58' 26.07'' W,35,119,Tempranillo,2020,D,31/03/2020
42º 19' 34.62'' N,1º 58' 26.07'' W,35,119,Tempranillo,2020,E,08/04/2020
42º 19' 34.62'' N,1º 58' 26.07'' W,35,119,Tempranillo,2020,F,12/04/2020
42º 19' 34.62'' N,1º 58' 26.07'' W,35,119,Tempranillo,2020,G,20/04/2020
42º 19' 34.62'' N,1º 58' 26.07'' W,35,119,Tempranillo,2020,H,01/05/2020
42º 19' 34.62'' N,1º 58' 26.07'' W,35,119,Tempranillo,2020,I,24/05/2020
42º 19' 34.62'' N,1º 58' 26.07'' W,35,119,Tempranillo,2020,J,02/06/2020
42º 19' 34.62'' N,1º 58' 26.07'' W,35,119,Tempranillo,2020,K,27/06/2020
42º 19' 34.62'' N,1º 58' 26.07'' W,35,119,Tempranillo,2020,L,07/07/2020
42º 19' 34.62'' N,1º 58' 26.07'' W,35,119,Tempranillo,2020,M,01/08/2020
42º 19' 34.62'' N,1º 58' 26.07'' W,35,119,Tempranillo,2020,N,06/09/2020
42º 19' 34.62'' N,1º 58' 26.07'' W,35,119,Tempranillo,2020,O,05/11/2020
42º 19' 31.60'' N,1º 58' 29.81'' W,35,117,Tempranillo,2020,A,20/02/2020
42º 19' 31.60'' N,1º 58' 29.81'' W,35,117,Tempranillo,2020,B,18/03/2020
42º 19' 31.60'' N,1º 58' 29.81'' W,35,117,Tempranillo,2020,C,25/03/2020
42º 19' 31.60'' N,1º 58' 29.81'' W,35,117,Tempranillo,2020,D,01/04/2020
42º 19' 31.60'' N,1º 58' 29.81'' W,35,117,Tempranillo,2020,E,07/04/2020
42º 19' 31.60'' N,1º 58' 29.81'' W,35,117,Tempranillo,2020,F,13/04/2020
42º 19' 31.60'' N,1º 58' 29.81'' W,35,117,Tempranillo,2020,G,22/04/2020
42º 19' 31.60'' N,1º 58' 29.81'' W,35,117,Tempranillo,2020,H,03/05/2020
42º 19' 31.60'' N,1º 58' 29.81'' W,35,117,Tempranillo,2020,I,27/05/2020
42º 19' 31.60'' N,1º 58' 29.81'' W,35,117,Tempranillo,2020,J,01/06/2020
42º 19' 31.60'' N,1º 58' 29.81'' W,35,117,Tempranillo,2020,K,26/06/2020
42º 19' 31.60'' N,1º 58' 29.81'' W,35,117,Tempranillo,2020,L,05/07/2020
42º 19' 31.60'' N,1º 58' 29.81'' W,35,117,Tempranillo,2020,M,31/07/2020
42º 19' 31.60'' N,1º 58' 29.81'' W,35,117,Tempranillo,2020,N,09/09/2020
42º 19' 31.60'' N,1º 58' 29.81'' W,35,117,Tempranillo,2020,O,07/11/2020
42º 19' 35.97'' N,1º 58' 32.57'' W,35,93,Tempranillo,2020,A,20/02/2020
42º 19' 35.97'' N,1º 58' 32.57'' W,35,93,Tempranillo,2020,B,17/03/2020
42º 19' 35.97'' N,1º 58' 32.57'' W,35,93,Tempranillo,2020,C,26/03/2020
42º 19' 35.97'' N,1º 58' 32.57'' W,35,93,Tempranillo,2020,D,02/04/2020
42º 19' 35.97'' N,1º 58' 32.57'' W,35,93,Tempranillo,2020,E,07/04/2020
42º 19' 35.97'' N,1º 58' 32.57'' W,35,93,Tempranillo,2020,F,10/04/2020
42º 19' 35.97'' N,1º 58' 32.57'' W,35,93,Tempranillo,2020,G,22/04/2020
42º 19' 35.97'' N,1º 58' 32.57'' W,35,93,Tempranillo,2020,H,01/05/2020
42º 19' 35.97'' N,1º 58' 32.57'' W,35,93,Tempranillo,2020,I,24/05/2020
42º 19' 35.97'' N,1º 58' 32.57'' W,35,93,Tempranillo,2020,J,01/06/2020
42º 19' 35.97'' N,1º 58' 32.57'' W,35,93,Tempranillo,2020,K,26/06/2020
42º 19' 35.97'' N,1º 58' 32.57'' W,35,93,Tempranillo,2020,L,04/07/2020
42º 19' 35.97'' N,1º 58' 32.57'' W,35,93,Tempranillo,2020,M,03/08/2020
42º 19' 35.97'' N,1º 58' 32.57'' W,35,93,Tempranillo,2020,N,08/09/2020
42º 19' 35.97'' N,1º 58' 32.57'' W,35,93,Tempranillo,2020,O,06/11/2020
42º 19' 37.27'' N,1º 58' 31.21'' W,35,101,Tempranillo,2020,A,12/02/2020
42º 19' 37.27'' N,1º 58' 31.21'' W,35,101,Tempranillo,2020,B,18/03/2020
42º 19' 37.27'' N,1º 58' 31.21'' W,35,101,Tempranillo,2020,C,26/03/2020
42º 19' 37.27'' N,1º 58' 31.21'' W,35,101,Tempranillo,2020,D,01/04/2020
42º 19' 37.27'' N,1º 58' 31.21'' W,35,101,Tempranillo,2020,E,05/04/2020
42º 19' 37.27'' N,1º 58' 31.21'' W,35,101,Tempranillo,2020,F,12/04/2020
42º 19' 37.27'' N,1º 58' 31.21'' W,35,101,Tempranillo,2020,G,19/04/2020
42º 19' 37.27'' N,1º 58' 31.21'' W,35,101,Tempranillo,2020,H,01/05/2020
42º 19' 37.27'' N,1º 58' 31.21'' W,35,101,Tempranillo,2020,I,24/05/2020
42º 19' 37.27'' N,1º 58' 31.21'' W,35,101,Tempranillo,2020,J,01/06/2020
42º 19' 37.27'' N,1º 58' 31.21'' W,35,101,Tempranillo,2020,K,26/06/2020
42º 19' 37.27'' N,1º 58' 31.21'' W,35,101,Tempranillo,2020,L,05/07/2020
42º 19' 37.27'' N,1º 58' 31.21'' W,35,101,Tempranillo,2020,M,31/07/2020
42º 19' 37.27'' N,1º 58' 31.21'' W,35,101,Tempranillo,2020,N,07/09/2020
42º 19' 37.27'' N,1º 58' 31.21'' W,35,101,Tempranillo,2020,O,06/11/2020
42º 19' 33.77'' N,1º 58' 31.20'' W,35,106,Tempranillo,2020,A,12/02/2020
42º 19' 33.77'' N,1º 58' 31.20'' W,35,106,Tempranillo,2020,B,19/03/2020
42º 19' 33.77'' N,1º 58' 31.20'' W,35,106,Tempranillo,2020,C,24/03/2020
42º 19' 33.77'' N,1º 58' 31.20'' W,35,106,Tempranillo,2020,D,03/04/2020
42º 19' 33.77'' N,1º 58' 31.20'' W,35,106,Tempranillo,2020,E,06/04/2020
42º 19' 33.77'' N,1º 58' 31.20'' W,35,106,Tempranillo,2020,F,11/04/2020
42º 19' 33.77'' N,1º 58' 31.20'' W,35,106,Tempranillo,2020,G,21/04/2020
42º 19' 33.77'' N,1º 58' 31.20'' W,35,106,Tempranillo,2020,H,30/04/2020
42º 19' 33.77'' N,1º 58' 31.20'' W,35,106,Tempranillo,2020,I,27/05/2020
42º 19' 33.77'' N,1º 58' 31.20'' W,35,106,Tempranillo,2020,J,03/06/2020
42º 19' 33.77'' N,1º 58' 31.20'' W,35,106,Tempranillo,2020,K,27/06/2020
42º 19' 33.77'' N,1º 58' 31.20'' W,35,106,Tempranillo,2020,L,04/07/2020
42º 19' 33.77'' N,1º 58' 31.20'' W,35,106,Tempranillo,2020,M,31/07/2020
42º 19' 33.77'' N,1º 58' 31.20'' W,35,106,Tempranillo,2020,N,09/09/2020
42º 19' 33.77'' N,1º 58' 31.20'' W,35,106,Tempranillo,2020,O,06/11/2020
42º 19' 32.31'' N,1º 58' 26.78'' W,35,102,Tempranillo,2020,A,18/02/2020
42º 19' 32.31'' N,1º 58' 26.78'' W,35,102,Tempranillo,2020,B,17/03/2020
42º 19' 32.31'' N,1º 58' 26.78'' W,35,102,Tempranillo,2020,C,25/03/2020
42º 19' 32.31'' N,1º 58' 26.78'' W,35,102,Tempranillo,2020,D,02/04/2020
42º 19' 32.31'' N,1º 58' 26.78'' W,35,102,Tempranillo,2020,E,08/04/2020
42º 19' 32.31'' N,1º 58' 26.78'' W,35,102,Tempranillo,2020,F,11/04/2020
42º 19' 32.31'' N,1º 58' 26.78'' W,35,102,Tempranillo,2020,G,19/04/2020
42º 19' 32.31'' N,1º 58' 26.78'' W,35,102,Tempranillo,2020,H,03/05/2020
42º 19' 32.31'' N,1º 58' 26.78'' W,35,102,Tempranillo,2020,I,25/05/2020
42º 19' 32.31'' N,1º 58' 26.78'' W,35,102,Tempranillo,2020,J,31/05/2020
42º 19' 32.31'' N,1º 58' 26.78'' W,35,102,Tempranillo,2020,K,25/06/2020
42º 19' 32.31'' N,1º 58' 26.78'' W,35,102,Tempranillo,2020,L,07/07/2020
42º 19' 32.31'' N,1º 58' 26.78'' W,35,102,Tempranillo,2020,M,03/08/2020
42º 19' 32.31'' N,1º 58' 26.78'' W,35,102,Tempranillo,2020,N,08/09/2020
42º 19' 32.31'' N,1º 58' 26.78'' W,35,102,Tempranillo,2020,O,06/11/2020
42º 19' 39.01'' N,1º 58' 39.19'' W,35,110,Garnacha,2020,A,19/02/2020
42º 19' 39.01'' N,1º 58' 39.19'' W,35,110,Garnacha,2020,B,17/03/2020
42º 19' 39.01'' N,1º 58' 39.19'' W,35,110,Garnacha,2020,C,26/03/2020
42º 19' 39.01'' N,1º 58' 39.19'' W,35,110,Garnacha,2020,D,01/04/2020
42º 19' 39.01'' N,1º 58' 39.19'' W,35,110,Garnacha,2020,E,05/04/2020
42º 19' 39.01'' N,1º 58' 39.19'' W,35,110,Garnacha,2020,F,13/04/2020
42º 19' 39.01'' N,1º 58' 39.19'' W,35,110,Garnacha,2020,G,20/04/2020
42º 19' 39.01'' N,1º 58' 39.19'' W,35,110,Garnacha,2020,H,03/05/2020
42º 19' 39.01'' N,1º 58' 39.19'' W,35,110,Garnacha,2020,I,25/05/2020
42º 19' 39.01'' N,1º 58' 39.19'' W,35,110,Garnacha,2020,J,01/06/2020
42º 19' 39.01'' N,1º 58' 39.19'' W,35,110,Garnacha,2020,K,26/06/2020
42º 19' 39.01'' N,1º 58' 39.19'' W,35,110,Garnacha,2020,L,05/07/2020
42º 19' 39.01'' N,1º 58' 39.19'' W,35,110,Garnacha,2020,M,02/08/2020
42º 19' 39.01'' N,1º 58' 39.19'' W,35,110,Garnacha,2020,N,01/10/2020
42º 19' 39.01'' N,1º 58' 39.19'' W,35,110,Garnacha,2020,O,07/11/2020
42º 19' 29.65'' N,1º 58' 35.48'' W,35,81,Garnacha,2020,A,19/02/2020
42º 19' 29.65'' N,1º 58' 35.48'' W,35,81,Garnacha,2020,B,18/03/2020
42º 19' 29.65'' N,1º 58' 35.48'' W,35,81,Garnacha,2020,C,26/03/2020
42º 19' 29.65'' N,1º 58' 35.48'' W,35,81,Garnacha,2020,D,31/03/2020
42º 19' 29.65'' N,1º 58' 35.48'' W,35,81,Garnacha,2020,E,07/04/2020
42º 19' 29.65'' N,1º 58' 35.48'' W,35,81,Garnacha,2020,F,13/04/2020
42º 19' 29.65'' N,1º 58' 35.48'' W,35,81,Garnacha,2020,G,22/04/2020
42º 19' 29.65'' N,1º 58' 35.48'' W,35,81,Garnacha,2020,H,30/04/2020
42º 19' 29.65'' N,1º 58' 35.48'' W,35,81,Garnacha,2020,I,27/05/2020
42º 19' 29.65'' N,1º 58' 35.48'' W,35,81,Garnacha,2020,J,01/06/2020
42º 19' 29.65'' N,1º 58' 35.48'' W,35,81,Garnacha,2020,K,26/06/2020
42º 19' 29.65'' N,1º 58' 35.48'' W,35,81,Garnacha,2020,L,05/07/2020
42º 19' 29.65'' N,1º 58' 35.48'' W,35,81,Garnacha,2020,M,01/08/2020
42º 19' 29.65'' N,1º 58' 35.48'' W,35,81,Garnacha,2020,N,30/09/2020
42º 19' 29.65'' N,1º 58' 35.48'' W,35,81,Garnacha,2020,O,05/11/2020
42º 19' 34.42'' N,1º 58' 36.33'' W,35,223,Garnacha,2020,A,19/02/2020
42º 19' 34.42'' N,1º 58' 36.33'' W,35,223,Garnacha,2020,B,18/03/2020
42º 19' 34.42'' N,1º 58' 36.33'' W,35,223,Garnacha,2020,C,27/03/2020
42º 19' 34.42'' N,1º 58' 36.33'' W,35,223,Garnacha,2020,D,02/04/2020
42º 19' 34.42'' N,1º 58' 36.33'' W,35,223,Garnacha,2020,E,08/04/2020
42º 19' 34.42'' N,1º 58' 36.33'' W,35,223,Garnacha,2020,F,13/04/2020
42º 19' 34.42'' N,1º 58' 36.33'' W,35,223,Garnacha,2020,G,22/04/2020
42º 19' 34.42'' N,1º 58' 36.33'' W,35,223,Garnacha,2020,H,30/04/2020
42º 19' 34.42'' N,1º 58' 36.33'' W,35,223,Garnacha,2020,I,24/05/2020
42º 19' 34.42'' N,1º 58' 36.33'' W,35,223,Garnacha,2020,J,01/06/2020
42º 19' 34.42'' N,1º 58' 36.33'' W,35,223,Garnacha,2020,K,26/06/2020
42º 19' 34.42'' N,1º 58' 36.33'' W,35,223,Garnacha,2020,L,07/07/2020
42º 19' 34.42'' N,1º 58' 36.33'' W,35,223,Garnacha,2020,M,03/08/2020
42º 19' 34.42'' N,1º 58' 36.33'' W,35,223,Garnacha,2020,N,29/09/2020
42º 19' 34.42'' N,1º 58' 36.33'' W,35,223,Garnacha,2020,O,06/11/2020
42º 19' 31.00'' N,1º 58' 35.73'' W,35,109,Garnacha,2020,A,19/02/2020
42º 19' 31.00'' N,1º 58' 35.73'' W,35,109,Garnacha,2020,B,19/03/2020
42º 19' 31.00'' N,1º 58' 35.73'' W,35,109,Garnacha,2020,C,27/03/2020
42º 19' 31.00'' N,1º 58' 35.73'' W,35,109,Garnacha,2020,D,31/03/2020
42º 19' 31.00'' N,1º 58' 35.73'' W,35,109,Garnacha,2020,E,07/04/2020
42º 19' 31.00'' N,1º 58' 35.73'' W,35,109,Garnacha,2020,F,13/04/2020
42º 19' 31.00'' N,1º 58' 35.73'' W,35,109,Garnacha,2020,G,19/04/2020
42º 19' 31.00'' N,1º 58' 35.73'' W,35,109,Garnacha,2020,H,30/04/2020
42º 19' 31.00'' N,1º 58' 35.73'' W,35,109,Garnacha,2020,I,24/05/2020
42º 19' 31.00'' N,1º 58' 35.73'' W,35,109,Garnacha,2020,J,01/06/2020
42º 19' 31.00'' N,1º 58' 35.73'' W,35,109,Garnacha,2020,K,26/06/2020
42º 19' 31.00'' N,1º 58' 35.73'' W,35,109,Garnacha,2020,L,06/07/2020
42º 19' 31.00'' N,1º 58' 35.73'' W,35,109,Garnacha,2020,M,03/08/2020
42º 19' 31.00'' N,1º 58' 35.73'' W,35,109,Garnacha,2020,N,28/09/2020
42º 19' 31.00'' N,1º 58' 35.73'' W,35,109,Garnacha,2020,O,04/11/2020
42º 19' 28.86'' N,1º 58' 29.37'' W,35,111,Tempranillo,2021,A,19/02/2021
42º 19' 28.86'' N,1º 58' 29.37'' W,35,111,Tempranillo,2021,B,25/03/2021
42º 19' 28.86'' N,1º 58' 29.37'' W,35,111,Tempranillo,2021,C,04/04/2021
42º 19' 28.86'' N,1º 58' 29.37'' W,35,111,Tempranillo,2021,D,07/04/2021
42º 19' 28.86'' N,1º 58' 29.37'' W,35,111,Tempranillo,2021,E,13/04/2021
42º 19' 28.86'' N,1º 58' 29.37'' W,35,111,Tempranillo,2021,F,15/04/2021
42º 19' 28.86'' N,1º 58' 29.37'' W,35,111,Tempranillo,2021,G,29/04/2021
42º 19' 28.86'' N,1º 58' 29.37'' W,35,111,Tempranillo,2021,H,07/05/2021
42º 19' 28.86'' N,1º 58' 29.37'' W,35,111,Tempranillo,2021,I,06/06/2021
42º 19' 28.86'' N,1º 58' 29.37'' W,35,111,Tempranillo,2021,J,10/06/2021
42º 19' 28.86'' N,1º 58' 29.37'' W,35,111,Tempranillo,2021,K,06/07/2021
42º 19' 28.86'' N,1º 58' 29.37'' W,35,111,Tempranillo,2021,L,17/07/2021
42º 19' 28.86'' N,1º 58' 29.37'' W,35,111,Tempranillo,2021,M,04/08/2021
42º 19' 28.86'' N,1º 58' 29.37'' W,35,111,Tempranillo,2021,N,20/09/2021
42º 19' 28.86'' N,1º 58' 29.37'' W,35,111,Tempranillo,2021,O,01/11/2021
42º 19' 34.62'' N,1º 58' 26.07'' W,35,119,Tempranillo,2021,A,16/02/2021
42º 19' 34.62'' N,1º 58' 26.07'' W,35,119,Tempranillo,2021,B,26/03/2021
42º 19' 34.62'' N,1º 58' 26.07'' W,35,119,Tempranillo,2021,C,05/04/2021
42º 19' 34.62'' N,1º 58' 26.07'' W,35,119,Tempranillo,2021,D,07/04/2021
42º 19' 34.62'' N,1º 58' 26.07'' W,35,119,Tempranillo,2021,E,11/04/2021
42º 19' 34.62'' N,1º 58' 26.07'' W,35,119,Tempranillo,2021,F,18/04/2021
42º 19' 34.62'' N,1º 58' 26.07'' W,35,119,Tempranillo,2021,G,26/04/2021
42º 19' 34.62'' N,1º 58' 26.07'' W,35,119,Tempranillo,2021,H,05/05/2021
42º 19' 34.62'' N,1º 58' 26.07'' W,35,119,Tempranillo,2021,I,07/06/2021
42º 19' 34.62'' N,1º 58' 26.07'' W,35,119,Tempranillo,2021,J,11/06/2021
42º 19' 34.62'' N,1º 58' 26.07'' W,35,119,Tempranillo,2021,K,04/07/2021
42º 19' 34.62'' N,1º 58' 26.07'' W,35,119,Tempranillo,2021,L,17/07/2021
42º 19' 34.62'' N,1º 58' 26.07'' W,35,119,Tempranillo,2021,M,07/08/2021
42º 19' 34.62'' N,1º 58' 26.07'' W,35,119,Tempranillo,2021,N,20/09/2021
42º 19' 34.62'' N,1º 58' 26.07'' W,35,119,Tempranillo,2021,O,29/10/2021
42º 19' 31.60'' N,1º 58' 29.81'' W,35,117,Tempranillo,2021,A,18/02/2021
42º 19' 31.60'' N,1º 58' 29.81'' W,35,117,Tempranillo,2021,B,26/03/2021
42º 19' 31.60'' N,1º 58' 29.81'' W,35,117,Tempranillo,2021,C,06/04/2021
42º 19' 31.60'' N,1º 58' 29.81'' W,35,117,Tempranillo,2021,D,06/04/2021
42º 19' 31.60'' N,1º 58' 29.81'' W,35,117,Tempranillo,2021,E,14/04/2021
42º 19' 31.60'' N,1º 58' 29.81'' W,35,117,Tempranillo,2021,F,17/04/2021
42º 19' 31.60'' N,1º 58' 29.81'' W,35,117,Tempranillo,2021,G,27/04/2021
42º 19' 31.60'' N,1º 58' 29.81'' W,35,117,Tempranillo,2021,H,08/05/2021
42º 19' 31.60'' N,1º 58' 29.81'' W,35,117,Tempranillo,2021,I,07/06/2021
42º 19' 31.60'' N,1º 58' 29.81'' W,35,117,Tempranillo,2021,J,10/06/2021
42º 19' 31.60'' N,1º 58' 29.81'' W,35,117,Tempranillo,2021,K,04/07/2021
42º 19' 31.60'' N,1º 58' 29.81'' W,35,117,Tempranillo,2021,L,17/07/2021
42º 19' 31.60'' N,1º 58' 29.81'' W,35,117,Tempranillo,2021,M,07/08/2021
42º 19' 31.60'' N,1º 58' 29.81'' W,35,117,Tempranillo,2021,N,22/09/2021
42º 19' 31.60'' N,1º 58' 29.81'' W,35,117,Tempranillo,2021,O,30/10/2021
42º 19' 35.97'' N,1º 58' 32.57'' W,35,93,Tempranillo,2021,A,16/02/2021
42º 19' 35.97'' N,1º 58' 32.57'' W,35,93,Tempranillo,2021,B,24/03/2021
42º 19' 35.97'' N,1º 58' 32.57'' W,35,93,Tempranillo,2021,C,04/04/2021
42º 19' 35.97'' N,1º 58' 32.57'' W,35,93,Tempranillo,2021,D,06/04/2021
42º 19' 35.97'' N,1º 58' 32.57'' W,35,93,Tempranillo,2021,E,12/04/2021
42º 19' 35.97'' N,1º 58' 32.57'' W,35,93,Tempranillo,2021,F,18/04/2021
42º 19' 35.97'' N,1º 58' 32.57'' W,35,93,Tempranillo,2021,G,28/04/2021
42º 19' 35.97'' N,1º 58' 32.57'' W,35,93,Tempranillo,2021,H,05/05/2021
42º 19' 35.97'' N,1º 58' 32.57'' W,35,93,Tempranillo,2021,I,06/06/2021
42º 19' 35.97'' N,1º 58' 32.57'' W,35,93,Tempranillo,2021,J,10/06/2021
42º 19' 35.97'' N,1º 58' 32.57'' W,35,93,Tempranillo,2021,K,04/07/2021
42º 19' 35.97'' N,1º 58' 32.57'' W,35,93,Tempranillo,2021,L,17/07/2021
42º 19' 35.97'' N,1º 58' 32.57'' W,35,93,Tempranillo,2021,M,07/08/2021
42º 19' 35.97'' N,1º 58' 32.57'' W,35,93,Tempranillo,2021,N,21/09/2021
42º 19' 35.97'' N,1º 58' 32.57'' W,35,93,Tempranillo,2021,O,29/10/2021
42º 19' 37.27'' N,1º 58' 31.21'' W,35,101,Tempranillo,2021,A,13/02/2021
42º 19' 37.27'' N,1º 58' 31.21'' W,35,101,Tempranillo,2021,B,27/03/2021
42º 19' 37.27'' N,1º 58' 31.21'' W,35,101,Tempranillo,2021,C,06/04/2021
42º 19' 37.27'' N,1º 58' 31.21'' W,35,101,Tempranillo,2021,D,08/04/2021
42º 19' 37.27'' N,1º 58' 31.21'' W,35,101,Tempranillo,2021,E,12/04/2021
42º 19' 37.27'' N,1º 58' 31.21'' W,35,101,Tempranillo,2021,F,15/04/2021
42º 19' 37.27'' N,1º 58' 31.21'' W,35,101,Tempranillo,2021,G,29/04/2021
42º 19' 37.27'' N,1º 58' 31.21'' W,35,101,Tempranillo,2021,H,05/05/2021
42º 19' 37.27'' N,1º 58' 31.21'' W,35,101,Tempranillo,2021,I,06/06/2021
42º 19' 37.27'' N,1º 58' 31.21'' W,35,101,Tempranillo,2021,J,09/06/2021
42º 19' 37.27'' N,1º 58' 31.21'' W,35,101,Tempranillo,2021,K,06/07/2021
42º 19' 37.27'' N,1º 58' 31.21'' W,35,101,Tempranillo,2021,L,19/07/2021
42º 19' 37.27'' N,1º 58' 31.21'' W,35,101,Tempranillo,2021,M,06/08/2021
42º 19' 37.27'' N,1º 58' 31.21'' W,35,101,Tempranillo,2021,N,22/09/2021
42º 19' 37.27'' N,1º 58' 31.21'' W,35,101,Tempranillo,2021,O,30/10/2021
42º 19' 33.77'' N,1º 58' 31.20'' W,35,106,Tempranillo,2021,A,13/02/2021
42º 19' 33.77'' N,1º 58' 31.20'' W,35,106,Tempranillo,2021,B,25/03/2021
42º 19' 33.77'' N,1º 58' 31.20'' W,35,106,Tempranillo,2021,C,03/04/2021
42º 19' 33.77'' N,1º 58' 31.20'' W,35,106,Tempranillo,2021,D,09/04/2021
42º 19' 33.77'' N,1º 58' 31.20'' W,35,106,Tempranillo,2021,E,14/04/2021
42º 19' 33.77'' N,1º 58' 31.20'' W,35,106,Tempranillo,2021,F,17/04/2021
42º 19' 33.77'' N,1º 58' 31.20'' W,35,106,Tempranillo,2021,G,28/04/2021
42º 19' 33.77'' N,1º 58' 31.20'' W,35,106,Tempranillo,2021,H,08/05/2021
42º 19' 33.77'' N,1º 58' 31.20'' W,35,106,Tempranillo,2021,I,06/06/2021
42º 19' 33.77'' N,1º 58' 31.20'' W,35,106,Tempranillo,2021,J,11/06/2021
42º 19' 33.77'' N,1º 58' 31.20'' W,35,106,Tempranillo,2021,K,06/07/2021
42º 19' 33.77'' N,1º 58' 31.20'' W,35,106,Tempranillo,2021,L,19/07/2021
42º 19' 33.77'' N,1º 58' 31.20'' W,35,106,Tempranillo,2021,M,07/08/2021
42º 19' 33.77'' N,1º 58' 31.20'' W,35,106,Tempranillo,2021,N,20/09/2021
42º 19' 33.77'' N,1º 58' 31.20'' W,35,106,Tempranillo,2021,O,31/10/2021
42º 19' 32.31'' N,1º 58' 26.78'' W,35,102,Tempranillo,2021,A,19/02/2021
42º 19' 32.31'' N,1º 58' 26.78'' W,35,102,Tempranillo,2021,B,26/03/2021
42º 19' 32.31'' N,1º 58' 26.78'' W,35,102,Tempranillo,2021,C,06/04/2021
42º 19' 32.31'' N,1º 58' 26.78'' W,35,102,Tempranillo,2021,D,09/04/2021
42º 19' 32.31'' N,1º 58' 26.78'' W,35,102,Tempranillo,2021,E,12/04/2021
42º 19' 32.31'' N,1º 58' 26.78'' W,35,102,Tempranillo,2021,F,16/04/2021
42º 19' 32.31'' N,1º 58' 26.78'' W,35,102,Tempranillo,2021,G,27/04/2021
42º 19' 32.31'' N,1º 58' 26.78'' W,35,102,Tempranillo,2021,H,07/05/2021
42º 19' 32.31'' N,1º 58' 26.78'' W,35,102,Tempranillo,2021,I,05/06/2021
42º 19' 32.31'' N,1º 58' 26.78'' W,35,102,Tempranillo,2021,J,09/06/2021
42º 19' 32.31'' N,1º 58' 26.78'' W,35,102,Tempranillo,2021,K,06/07/2021
42º 19' 32.31'' N,1º 58' 26.78'' W,35,102,Tempranillo,2021,L,18/07/2021
42º 19' 32.31'' N,1º 58' 26.78'' W,35,102,Tempranillo,2021,M,06/08/2021
42º 19' 32.31'' N,1º 58' 26.78'' W,35,102,Tempranillo,2021,N,19/09/2021
42º 19' 32.31'' N,1º 58' 26.78'' W,35,102,Tempranillo,2021,O,29/10/2021
42º 19' 39.01'' N,1º 58' 39.19'' W,35,110,Garnacha,2021,A,16/02/2021
42º 19' 39.01'' N,1º 58' 39.19'' W,35,110,Garnacha,2021,B,25/03/2021
42º 19' 39.01'' N,1º 58' 39.19'' W,35,110,Garnacha,2021,C,04/04/2021
42º 19' 39.01'' N,1º 58' 39.19'' W,35,110,Garnacha,2021,D,06/04/2021
42º 19' 39.01'' N,1º 58' 39.19'' W,35,110,Garnacha,2021,E,14/04/2021
42º 19' 39.01'' N,1º 58' 39.19'' W,35,110,Garnacha,2021,F,15/04/2021
42º 19' 39.01'' N,1º 58' 39.19'' W,35,110,Garnacha,2021,G,27/04/2021
42º 19' 39.01'' N,1º 58' 39.19'' W,35,110,Garnacha,2021,H,08/05/2021
42º 19' 39.01'' N,1º 58' 39.19'' W,35,110,Garnacha,2021,I,06/06/2021
42º 19' 39.01'' N,1º 58' 39.19'' W,35,110,Garnacha,2021,J,11/06/2021
42º 19' 39.01'' N,1º 58' 39.19'' W,35,110,Garnacha,2021,K,04/07/2021
42º 19' 39.01'' N,1º 58' 39.19'' W,35,110,Garnacha,2021,L,18/07/2021
42º 19' 39.01'' N,1º 58' 39.19'' W,35,110,Garnacha,2021,M,06/08/2021
42º 19' 39.01'' N,1º 58' 39.19'' W,35,110,Garnacha,2021,N,05/10/2021
42º 19' 39.01'' N,1º 58' 39.19'' W,35,110,Garnacha,2021,O,31/10/2021
42º 19' 29.65'' N,1º 58' 35.48'' W,35,81,Garnacha,2021,A,15/02/2021
42º 19' 29.65'' N,1º 58' 35.48'' W,35,81,Garnacha,2021,B,27/03/2021
42º 19' 29.65'' N,1º 58' 35.48'' W,35,81,Garnacha,2021,C,04/04/2021
42º 19' 29.65'' N,1º 58' 35.48'' W,35,81,Garnacha,2021,D,08/04/2021
42º 19' 29.65'' N,1º 58' 35.48'' W,35,81,Garnacha,2021,E,11/04/2021
42º 19' 29.65'' N,1º 58' 35.48'' W,35,81,Garnacha,2021,F,18/04/2021
42º 19' 29.65'' N,1º 58' 35.48'' W,35,81,Garnacha,2021,G,29/04/2021
42º 19' 29.65'' N,1º 58' 35.48'' W,35,81,Garnacha,2021,H,05/05/2021
42º 19' 29.65'' N,1º 58' 35.48'' W,35,81,Garnacha,2021,I,07/06/2021
42º 19' 29.65'' N,1º 58' 35.48'' W,35,81,Garnacha,2021,J,09/06/2021
42º 19' 29.65'' N,1º 58' 35.48'' W,35,81,Garnacha,2021,K,06/07/2021
42º 19' 29.65'' N,1º 58' 35.48'' W,35,81,Garnacha,2021,L,17/07/2021
42º 19' 29.65'' N,1º 58' 35.48'' W,35,81,Garnacha,2021,M,07/08/2021
42º 19' 29.65'' N,1º 58' 35.48'' W,35,81,Garnacha,2021,N,06/10/2021
42º 19' 29.65'' N,1º 58' 35.48'' W,35,81,Garnacha,2021,O,31/10/2021
42º 19' 34.42'' N,1º 58' 36.33'' W,35,223,Garnacha,2021,A,16/02/2021
42º 19' 34.42'' N,1º 58' 36.33'' W,35,223,Garnacha,2021,B,24/03/2021
42º 19' 34.42'' N,1º 58' 36.33'' W,35,223,Garnacha,2021,C,04/04/2021
42º 19' 34.42'' N,1º 58' 36.33'' W,35,223,Garnacha,2021,D,06/04/2021
42º 19' 34.42'' N,1º 58' 36.33'' W,35,223,Garnacha,2021,E,14/04/2021
42º 19' 34.42'' N,1º 58' 36.33'' W,35,223,Garnacha,2021,F,18/04/2021
42º 19' 34.42'' N,1º 58' 36.33'' W,35,223,Garnacha,2021,G,26/04/2021
42º 19' 34.42'' N,1º 58' 36.33'' W,35,223,Garnacha,2021,H,08/05/2021
42º 19' 34.42'' N,1º 58' 36.33'' W,35,223,Garnacha,2021,I,07/06/2021
42º 19' 34.42'' N,1º 58' 36.33'' W,35,223,Garnacha,2021,J,11/06/2021
42º 19' 34.42'' N,1º 58' 36.33'' W,35,223,Garnacha,2021,K,05/07/2021
42º 19' 34.42'' N,1º 58' 36.33'' W,35,223,Garnacha,2021,L,19/07/2021
42º 19' 34.42'' N,1º 58' 36.33'' W,35,223,Garnacha,2021,M,05/08/2021
42º 19' 34.42'' N,1º 58' 36.33'' W,35,223,Garnacha,2021,N,06/10/2021
42º 19' 34.42'' N,1º 58' 36.33'' W,35,223,Garnacha,2021,O,30/10/2021
42º 19' 31.00'' N,1º 58' 35.73'' W,35,109,Garnacha,2021,A,20/02/2021
42º 19' 31.00'' N,1º 58' 35.73'' W,35,109,Garnacha,2021,B,27/03/2021
42º 19' 31.00'' N,1º 58' 35.73'' W,35,109,Garnacha,2021,C,06/04/2021
42º 19' 31.00'' N,1º 58' 35.73'' W,35,109,Garnacha,2021,D,07/04/2021
42º 19' 31.00'' N,1º 58' 35.73'' W,35,109,Garnacha,2021,E,12/04/2021
42º 19' 31.00'' N,1º 58' 35.73'' W,35,109,Garnacha,2021,F,18/04/2021
42º 19' 31.00'' N,1º 58' 35.73'' W,35,109,Garnacha,2021,G,28/04/2021
42º 19' 31.00'' N,1º 58' 35.73'' W,35,109,Garnacha,2021,H,07/05/2021
42º 19' 31.00'' N,1º 58' 35.73'' W,35,109,Garnacha,2021,I,05/06/2021
42º 19' 31.00'' N,1º 58' 35.73'' W,35,109,Garnacha,2021,J,09/06/2021
42º 19' 31.00'' N,1º 58' 35.73'' W,35,109,Garnacha,2021,K,05/07/2021
42º 19' 31.00'' N,1º 58' 35.73'' W,35,109,Garnacha,2021,L,20/07/2021
42º 19' 31.00'' N,1º 58' 35.73'' W,35,109,Garnacha,2021,M,05/08/2021
42º 19' 31.00'' N,1º 58' 35.73'' W,35,109,Garnacha,2021,N,06/10/2021
42º 19' 31.00'' N,1º 58' 35.73'' W,35,109,Garnacha,2021,O,31/10/2021
42º 19' 28.86'' N,1º 58' 29.37'' W,35,111,Tempranillo,2022,A,20/02/2022
42º 19' 28.86'' N,1º 58' 29.37'' W,35,111,Tempranillo,2022,B,27/03/2022
42º 19' 28.86'' N,1º 58' 29.37'' W,35,111,Tempranillo,2022,C,06/04/2022
42º 19' 28.86'' N,1º 58' 29.37'' W,35,111,Tempranillo,2022,D,07/04/2022
42º 19' 28.86'' N,1º 58' 29.37'' W,35,111,Tempranillo,2022,E,14/04/2022
42º 19' 28.86'' N,1º 58' 29.37'' W,35,111,Tempranillo,2022,F,18/04/2022
42º 19' 28.86'' N,1º 58' 29.37'' W,35,111,Tempranillo,2022,G,27/04/2022
42º 19' 28.86'' N,1º 58' 29.37'' W,35,111,Tempranillo,2022,H,06/05/2022
42º 19' 28.86'' N,1º 58' 29.37'' W,35,111,Tempranillo,2022,I,30/05/2022
42º 19' 28.86'' N,1º 58' 29.37'' W,35,111,Tempranillo,2022,J,03/06/2022
42º 19' 28.86'' N,1º 58' 29.37'' W,35,111,Tempranillo,2022,K,30/06/2022
42º 19' 28.86'' N,1º 58' 29.37'' W,35,111,Tempranillo,2022,L,12/07/2022
42º 19' 28.86'' N,1º 58' 29.37'' W,35,111,Tempranillo,2022,M,01/08/2022
42º 19' 28.86'' N,1º 58' 29.37'' W,35,111,Tempranillo,2022,N,08/09/2022
42º 19' 28.86'' N,1º 58' 29.37'' W,35,111,Tempranillo,2022,O,29/10/2022
42º 19' 34.62'' N,1º 58' 26.07'' W,35,119,Tempranillo,2022,A,18/02/2022
42º 19' 34.62'' N,1º 58' 26.07'' W,35,119,Tempranillo,2022,B,25/03/2022
42º 19' 34.62'' N,1º 58' 26.07'' W,35,119,Tempranillo,2022,C,05/04/2022
42º 19' 34.62'' N,1º 58' 26.07'' W,35,119,Tempranillo,2022,D,06/04/2022
42º 19' 34.62'' N,1º 58' 26.07'' W,35,119,Tempranillo,2022,E,14/04/2022
42º 19' 34.62'' N,1º 58' 26.07'' W,35,119,Tempranillo,2022,F,16/04/2022
42º 19' 34.62'' N,1º 58' 26.07'' W,35,119,Tempranillo,2022,G,29/04/2022
42º 19' 34.62'' N,1º 58' 26.07'' W,35,119,Tempranillo,2022,H,07/05/2022
42º 19' 34.62'' N,1º 58' 26.07'' W,35,119,Tempranillo,2022,I,31/05/2022
42º 19' 34.62'' N,1º 58' 26.07'' W,35,119,Tempranillo,2022,J,04/06/2022
42º 19' 34.62'' N,1º 58' 26.07'' W,35,119,Tempranillo,2022,K,02/07/2022
42º 19' 34.62'' N,1º 58' 26.07'' W,35,119,Tempranillo,2022,L,15/07/2022
42º 19' 34.62'' N,1º 58' 26.07'' W,35,119,Tempranillo,2022,M,06/08/2022
42º 19' 34.62'' N,1º 58' 26.07'' W,35,119,Tempranillo,2022,N,10/09/2022
42º 19' 34.62'' N,1º 58' 26.07'' W,35,119,Tempranillo,2022,O,28/10/2022
42º 19' 31.60'' N,1º 58' 29.81'' W,35,117,Tempranillo,2022,A,15/02/2022
42º 19' 31.60'' N,1º 58' 29.81'' W,35,117,Tempranillo,2022,B,24/03/2022
42º 19' 31.60'' N,1º 58' 29.81'' W,35,117,Tempranillo,2022,C,03/04/2022
42º 19' 31.60'' N,1º 58' 29.81'' W,35,117,Tempranillo,2022,D,06/04/2022
42º 19' 31.60'' N,1º 58' 29.81'' W,35,117,Tempranillo,2022,E,14/04/2022
42º 19' 31.60'' N,1º 58' 29.81'' W,35,117,Tempranillo,2022,F,18/04/2022
42º 19' 31.60'' N,1º 58' 29.81'' W,35,117,Tempranillo,2022,G,28/04/2022
42º 19' 31.60'' N,1º 58' 29.81'' W,35,117,Tempranillo,2022,H,06/05/2022
42º 19' 31.60'' N,1º 58' 29.81'' W,35,117,Tempranillo,2022,I,29/05/2022
42º 19' 31.60'' N,1º 58' 29.81'' W,35,117,Tempranillo,2022,J,01/06/2022
42º 19' 31.60'' N,1º 58' 29.81'' W,35,117,Tempranillo,2022,K,30/06/2022
42º 19' 31.60'' N,1º 58' 29.81'' W,35,117,Tempranillo,2022,L,12/07/2022
42º 19' 31.60'' N,1º 58' 29.81'' W,35,117,Tempranillo,2022,M,02/08/2022
42º 19' 31.60'' N,1º 58' 29.81'' W,35,117,Tempranillo,2022,N,11/09/2022
42º 19' 31.60'' N,1º 58' 29.81'' W,35,117,Tempranillo,2022,O,30/10/2022
42º 19' 35.97'' N,1º 58' 32.57'' W,35,93,Tempranillo,2022,A,18/02/2022
42º 19' 35.97'' N,1º 58' 32.57'' W,35,93,Tempranillo,2022,B,26/03/2022
42º 19' 35.97'' N,1º 58' 32.57'' W,35,93,Tempranillo,2022,C,06/04/2022
42º 19' 35.97'' N,1º 58' 32.57'' W,35,93,Tempranillo,2022,D,06/04/2022
42º 19' 35.97'' N,1º 58' 32.57'' W,35,93,Tempranillo,2022,E,11/04/2022
42º 19' 35.97'' N,1º 58' 32.57'' W,35,93,Tempranillo,2022,F,18/04/2022
42º 19' 35.97'' N,1º 58' 32.57'' W,35,93,Tempranillo,2022,G,27/04/2022
42º 19' 35.97'' N,1º 58' 32.57'' W,35,93,Tempranillo,2022,H,05/05/2022
42º 19' 35.97'' N,1º 58' 32.57'' W,35,93,Tempranillo,2022,I,01/06/2022
42º 19' 35.97'' N,1º 58' 32.57'' W,35,93,Tempranillo,2022,J,05/06/2022
42º 19' 35.97'' N,1º 58' 32.57'' W,35,93,Tempranillo,2022,K,30/06/2022
42º 19' 35.97'' N,1º 58' 32.57'' W,35,93,Tempranillo,2022,L,12/07/2022
42º 19' 35.97'' N,1º 58' 32.57'' W,35,93,Tempranillo,2022,M,04/08/2022
42º 19' 35.97'' N,1º 58' 32.57'' W,35,93,Tempranillo,2022,N,13/09/2022
42º 19' 35.97'' N,1º 58' 32.57'' W,35,93,Tempranillo,2022,O,31/10/2022
42º 19' 37.27'' N,1º 58' 31.21'' W,35,101,Tempranillo,2022,A,13/02/2022
42º 19' 37.27'' N,1º 58' 31.21'' W,35,101,Tempranillo,2022,B,24/03/2022
42º 19' 37.27'' N,1º 58' 31.21'' W,35,101,Tempranillo,2022,C,06/04/2022
42º 19' 37.27'' N,1º 58' 31.21'' W,35,101,Tempranillo,2022,D,08/04/2022
42º 19' 37.27'' N,1º 58' 31.21'' W,35,101,Tempranillo,2022,E,14/04/2022
42º 19' 37.27'' N,1º 58' 31.21'' W,35,101,Tempranillo,2022,F,16/04/2022
42º 19' 37.27'' N,1º 58' 31.21'' W,35,101,Tempranillo,2022,G,27/04/2022
42º 19' 37.27'' N,1º 58' 31.21'' W,35,101,Tempranillo,2022,H,05/05/2022
42º 19' 37.27'' N,1º 58' 31.21'' W,35,101,Tempranillo,2022,I,02/06/2022
42º 19' 37.27'' N,1º 58' 31.21'' W,35,101,Tempranillo,2022,J,06/06/2022
42º 19' 37.27'' N,1º 58' 31.21'' W,35,101,Tempranillo,2022,K,30/06/2022
42º 19' 37.27'' N,1º 58' 31.21'' W,35,101,Tempranillo,2022,L,11/07/2022
42º 19' 37.27'' N,1º 58' 31.21'' W,35,101,Tempranillo,2022,M,01/08/2022
42º 19' 37.27'' N,1º 58' 31.21'' W,35,101,Tempranillo,2022,N,10/09/2022
42º 19' 37.27'' N,1º 58' 31.21'' W,35,101,Tempranillo,2022,O,27/10/2022
42º 19' 33.77'' N,1º 58' 31.20'' W,35,106,Tempranillo,2022,A,15/02/2022
42º 19' 33.77'' N,1º 58' 31.20'' W,35,106,Tempranillo,2022,B,27/03/2022
42º 19' 33.77'' N,1º 58' 31.20'' W,35,106,Tempranillo,2022,C,03/04/2022
42º 19' 33.77'' N,1º 58' 31.20'' W,35,106,Tempranillo,2022,D,09/04/2022
42º 19' 33.77'' N,1º 58' 31.20'' W,35,106,Tempranillo,2022,E,14/04/2022
42º 19' 33.77'' N,1º 58' 31.20'' W,35,106,Tempranillo,2022,F,18/04/2022
42º 19' 33.77'' N,1º 58' 31.20'' W,35,106,Tempranillo,2022,G,29/04/2022
42º 19' 33.77'' N,1º 58' 31.20'' W,35,106,Tempranillo,2022,H,05/05/2022
42º 19' 33.77'' N,1º 58' 31.20'' W,35,106,Tempranillo,2022,I,28/05/2022
42º 19' 33.77'' N,1º 58' 31.20'' W,35,106,Tempranillo,2022,J,31/05/2022
42º 19' 33.77'' N,1º 58' 31.20'' W,35,106,Tempranillo,2022,K,28/06/2022
42º 19' 33.77'' N,1º 58' 31.20'' W,35,106,Tempranillo,2022,L,08/07/2022
42º 19' 33.77'' N,1º 58' 31.20'' W,35,106,Tempranillo,2022,M,30/07/2022
42º 19' 33.77'' N,1º 58' 31.20'' W,35,106,Tempranillo,2022,N,08/09/2022
42º 19' 33.77'' N,1º 58' 31.20'' W,35,106,Tempranillo,2022,O,24/10/2022
42º 19' 32.31'' N,1º 58' 26.78'' W,35,102,Tempranillo,2022,A,15/02/2022
42º 19' 32.31'' N,1º 58' 26.78'' W,35,102,Tempranillo,2022,B,24/03/2022
42º 19' 32.31'' N,1º 58' 26.78'' W,35,102,Tempranillo,2022,C,05/04/2022
42º 19' 32.31'' N,1º 58' 26.78'' W,35,102,Tempranillo,2022,D,08/04/2022
42º 19' 32.31'' N,1º 58' 26.78'' W,35,102,Tempranillo,2022,E,11/04/2022
42º 19' 32.31'' N,1º 58' 26.78'' W,35,102,Tempranillo,2022,F,16/04/2022
42º 19' 32.31'' N,1º 58' 26.78'' W,35,102,Tempranillo,2022,G,29/04/2022
42º 19' 32.31'' N,1º 58' 26.78'' W,35,102,Tempranillo,2022,H,08/05/2022
42º 19' 32.31'' N,1º 58' 26.78'' W,35,102,Tempranillo,2022,I,29/05/2022
42º 19' 32.31'' N,1º 58' 26.78'' W,35,102,Tempranillo,2022,J,02/06/2022
42º 19' 32.31'' N,1º 58' 26.78'' W,35,102,Tempranillo,2022,K,29/06/2022
42º 19' 32.31'' N,1º 58' 26.78'' W,35,102,Tempranillo,2022,L,11/07/2022
42º 19' 32.31'' N,1º 58' 26.78'' W,35,102,Tempranillo,2022,M,01/08/2022
42º 19' 32.31'' N,1º 58' 26.78'' W,35,102,Tempranillo,2022,N,10/09/2022
42º 19' 32.31'' N,1º 58' 26.78'' W,35,102,Tempranillo,2022,O,28/10/2022
42º 19' 39.01'' N,1º 58' 39.19'' W,35,110,Garnacha,2022,A,13/02/2022
42º 19' 39.01'' N,1º 58' 39.19'' W,35,110,Garnacha,2022,B,24/03/2022
42º 19' 39.01'' N,1º 58' 39.19'' W,35,110,Garnacha,2022,C,04/04/2022
42º 19' 39.01'' N,1º 58' 39.19'' W,35,110,Garnacha,2022,D,07/04/2022
42º 19' 39.01'' N,1º 58' 39.19'' W,35,110,Garnacha,2022,E,11/04/2022
42º 19' 39.01'' N,1º 58' 39.19'' W,35,110,Garnacha,2022,F,16/04/2022
42º 19' 39.01'' N,1º 58' 39.19'' W,35,110,Garnacha,2022,G,26/04/2022
42º 19' 39.01'' N,1º 58' 39.19'' W,35,110,Garnacha,2022,H,07/05/2022
42º 19' 39.01'' N,1º 58' 39.19'' W,35,110,Garnacha,2022,I,27/05/2022
42º 19' 39.01'' N,1º 58' 39.19'' W,35,110,Garnacha,2022,J,31/05/2022
42º 19' 39.01'' N,1º 58' 39.19'' W,35,110,Garnacha,2022,K,26/06/2022
42º 19' 39.01'' N,1º 58' 39.19'' W,35,110,Garnacha,2022,L,07/07/2022
42º 19' 39.01'' N,1º 58' 39.19'' W,35,110,Garnacha,2022,M,31/07/2022
42º 19' 39.01'' N,1º 58' 39.19'' W,35,110,Garnacha,2022,N,29/09/2022
42º 19' 39.01'' N,1º 58' 39.19'' W,35,110,Garnacha,2022,O,26/11/2022
42º 19' 29.65'' N,1º 58' 35.48'' W,35,81,Garnacha,2022,A,17/02/2022
42º 19' 29.65'' N,1º 58' 35.48'' W,35,81,Garnacha,2022,B,25/03/2022
42º 19' 29.65'' N,1º 58' 35.48'' W,35,81,Garnacha,2022,C,04/04/2022
42º 19' 29.65'' N,1º 58' 35.48'' W,35,81,Garnacha,2022,D,08/04/2022
42º 19' 29.65'' N,1º 58' 35.48'' W,35,81,Garnacha,2022,E,13/04/2022
42º 19' 29.65'' N,1º 58' 35.48'' W,35,81,Garnacha,2022,F,18/04/2022
42º 19' 29.65'' N,1º 58' 35.48'' W,35,81,Garnacha,2022,G,29/04/2022
42º 19' 29.65'' N,1º 58' 35.48'' W,35,81,Garnacha,2022,H,07/05/2022
42º 19' 29.65'' N,1º 58' 35.48'' W,35,81,Garnacha,2022,I,30/05/2022
42º 19' 29.65'' N,1º 58' 35.48'' W,35,81,Garnacha,2022,J,02/06/2022
42º 19' 29.65'' N,1º 58' 35.48'' W,35,81,Garnacha,2022,K,27/06/2022
42º 19' 29.65'' N,1º 58' 35.48'' W,35,81,Garnacha,2022,L,07/07/2022
42º 19' 29.65'' N,1º 58' 35.48'' W,35,81,Garnacha,2022,M,30/07/2022
42º 19' 29.65'' N,1º 58' 35.48'' W,35,81,Garnacha,2022,N,25/09/2022
42º 19' 29.65'' N,1º 58' 35.48'' W,35,81,Garnacha,2022,O,21/11/2022
42º 19' 34.42'' N,1º 58' 36.33'' W,35,223,Garnacha,2022,A,17/02/2022
42º 19' 34.42'' N,1º 58' 36.33'' W,35,223,Garnacha,2022,B,27/03/2022
42º 19' 34.42'' N,1º 58' 36.33'' W,35,223,Garnacha,2022,C,06/04/2022
42º 19' 34.42'' N,1º 58' 36.33'' W,35,223,Garnacha,2022,D,07/04/2022
42º 19' 34.42'' N,1º 58' 36.33'' W,35,223,Garnacha,2022,E,11/04/2022
42º 19' 34.42'' N,1º 58' 36.33'' W,35,223,Garnacha,2022,F,15/04/2022
42º 19' 34.42'' N,1º 58' 36.33'' W,35,223,Garnacha,2022,G,28/04/2022
42º 19' 34.42'' N,1º 58' 36.33'' W,35,223,Garnacha,2022,H,07/05/2022
42º 19' 34.42'' N,1º 58' 36.33'' W,35,223,Garnacha,2022,I,01/06/2022
42º 19' 34.42'' N,1º 58' 36.33'' W,35,223,Garnacha,2022,J,06/06/2022
42º 19' 34.42'' N,1º 58' 36.33'' W,35,223,Garnacha,2022,K,30/06/2022
42º 19' 34.42'' N,1º 58' 36.33'' W,35,223,Garnacha,2022,L,11/07/2022
42º 19' 34.42'' N,1º 58' 36.33'' W,35,223,Garnacha,2022,M,04/08/2022
42º 19' 34.42'' N,1º 58' 36.33'' W,35,223,Garnacha,2022,N,28/09/2022
42º 19' 34.42'' N,1º 58' 36.33'' W,35,223,Garnacha,2022,O,23/11/2022
42º 19' 31.00'' N,1º 58' 35.73'' W,35,109,Garnacha,2022,A,14/02/2022
42º 19' 31.00'' N,1º 58' 35.73'' W,35,109,Garnacha,2022,B,25/03/2022
42º 19' 31.00'' N,1º 58' 35.73'' W,35,109,Garnacha,2022,C,03/04/2022
42º 19' 31.00'' N,1º 58' 35.73'' W,35,109,Garnacha,2022,D,07/04/2022
42º 19' 31.00'' N,1º 58' 35.73'' W,35,109,Garnacha,2022,E,13/04/2022
42º 19' 31.00'' N,1º 58' 35.73'' W,35,109,Garnacha,2022,F,15/04/2022
42º 19' 31.00'' N,1º 58' 35.73'' W,35,109,Garnacha,2022,G,26/04/2022
42º 19' 31.00'' N,1º 58' 35.73'' W,35,109,Garnacha,2022,H,08/05/2022
42º 19' 31.00'' N,1º 58' 35.73'' W,35,109,Garnacha,2022,I,29/05/2022
42º 19' 31.00'' N,1º 58' 35.73'' W,35,109,Garnacha,2022,J,03/06/2022
42º 19' 31.00'' N,1º 58' 35.73'' W,35,109,Garnacha,2022,K,28/06/2022
42º 19' 31.00'' N,1º 58' 35.73'' W,35,109,Garnacha,2022,L,10/07/2022
42º 19' 31.00'' N,1º 58' 35.73'' W,35,109,Garnacha,2022,M,02/08/2022
42º 19' 31.00'' N,1º 58' 35.73'' W,35,109,Garnacha,2022,N,27/09/2022
42º 19' 31.00'' N,1º 58' 35.73'' W,35,109,Garnacha,2022,O,21/11/2022
